sample	flabel	SNP_Truth	SNP_TP	SNP_FP	SNP_FN	SNP_Recall	SNP_Precision	SNP_f1	SNP_f2	SNP_f3	IND_Truth	IND_TP	IND_FP	IND_FN	IND_Recall	IND_Precision	IND_f1	IND_f2	IND_f3
um1	snp1	11015	10995	27	20	0.9981842941443486	0.997550353837779	0.9978672233062577	0.9980574416324752	0.9981208638579482	2193	2177	23	16	0.9927040583675331	0.9895454545454545	0.9911222399271569	0.9920707254830478	0.9923872908784245
